datetime,open,high,low,close,volume
2026-03-26T04:00:00+00:00,22822.74,22839.49,22686.75,22720,19663
2026-03-26T08:00:00+00:00,22720,22783.34,22569.86,22579.34,81789
2026-03-26T12:00:00+00:00,22579.34,22825.35,22552.84,22659.35,89939
2026-03-26T16:00:00+00:00,22659.35,22703.85,22515.49,22522.01,37718
2026-03-26T20:00:00+00:00,22522.01,22888.75,22509.5,22625.74,7427
2026-03-27T00:00:00+00:00,22625.74,22738.99,22574.74,22729.76,16236
2026-03-27T04:00:00+00:00,22729.76,22790.51,22637.51,22656.99,16268
2026-03-27T08:00:00+00:00,22656.99,22656.99,22219.84,22321.36,97357
2026-03-27T12:00:00+00:00,22321.36,22423.84,22246.34,22325.85,92636
2026-03-27T16:00:00+00:00,22325.85,22365.99,22155.49,22210.51,39854
2026-03-27T20:00:00+00:00,22210.51,22242.01,22115.49,22115.99,5117
2026-03-30T00:00:00+00:00,22115.99,22191.51,21951.74,22179.99,15034.330728367822
2026-03-30T04:00:00+00:00,22179.99,22329.36,22165.5,22303.85,41630.89674099485
2026-03-30T08:00:00+00:00,22303.85,22564.86,22255.34,22385.86,73718
2026-03-30T12:00:00+00:00,22385.86,22655.38,22351.84,22628.36,100249.41690733761
2026-03-30T16:00:00+00:00,22628.36,22633.03,22366.510000000002,22480.78,44439
2026-03-31T00:00:00+00:00,22480.78,22764.27,22352.260000000002,22631.260000000002,33271
2026-03-31T04:00:00+00:00,22631.260000000002,22778.88,22520.37,22777.88,50277
2026-03-31T08:00:00+00:00,22777.88,22897.87,22653.88,22790.88,96908
2026-03-31T12:00:00+00:00,22790.88,22868.87,22629.36,22678.86,108168
2026-03-31T16:00:00+00:00,22678.86,23100.53,22661.510000000002,23053.760000000002,80885
2026-04-01T00:00:00+00:00,23053.760000000002,23135.02,23052.260000000002,23084.53,12959
2026-04-01T04:00:00+00:00,23084.53,23394.36,23078.28,23194.37,40636
2026-04-01T08:00:00+00:00,23194.37,23376.38,23064.88,23352.86,77818
2026-04-01T12:00:00+00:00,23352.86,23454.37,23190.86,23420.87,105740
2026-04-01T16:00:00+00:00,23420.87,23430.03,23227.260000000002,23357.760000000002,33240
2026-04-02T00:00:00+00:00,23357.760000000002,23400.27,22908.260000000002,22918.260000000002,27489
2026-04-02T04:00:00+00:00,22918.260000000002,23046.87,22850.510000000002,23042.38,35266
2026-04-02T08:00:00+00:00,23042.38,23050.38,22765.86,22766.38,40045
2026-04-02T12:00:00+00:00,22766.38,23301.27,22718.36,23158.36,62565.974972191325
2026-04-02T16:00:00+00:00,23158.36,23263.52,23118.53,23258.28,17268
2026-04-07T00:00:00+00:00,23258.28,23384.03,23236.260000000002,23251.260000000002,11303.711352429356
2026-04-07T04:00:00+00:00,23251.260000000002,23291.38,23163.03,23266.86,34464
2026-04-07T08:00:00+00:00,23266.86,23501.38,23163.38,23189.87,91418
2026-04-07T12:00:00+00:00,23189.87,23279.88,22930.36,23003.88,84616
2026-04-07T16:00:00+00:00,23003.88,23467.53,22996.510000000002,23311.78,29779
2026-04-08T00:00:00+00:00,23311.78,24172.61,23311.78,24107.59,18224
2026-04-08T04:00:00+00:00,24107.59,24341.11,24045.95,24059.45,56595
2026-04-08T08:00:00+00:00,24059.45,24250.46,23976.44,24211.95,58034
2026-04-08T12:00:00+00:00,24211.95,24270.45,24058.95,24195.45,75193
2026-04-08T16:00:00+00:00,24195.45,24217.600000000002,24018.59,24138.36,21641
2026-04-09T00:00:00+00:00,24138.36,24138.36,23957.79,23981.81,13463
2026-04-09T04:00:00+00:00,23981.81,24104.91,23893.91,23935.4,31857.157472210787
2026-04-09T08:00:00+00:00,23935.4,23941.4,23841.9,23925.91,46684
2026-04-09T12:00:00+00:00,23925.91,23989.41,23766.89,23978.4,68925
2026-04-09T16:00:00+00:00,23978.4,24038.05,23923.55,23991.81,32390
2026-04-10T00:00:00+00:00,23991.81,24024.25,23935.02,23991.25,7250
2026-04-10T04:00:00+00:00,23991.25,24025.260000000002,23896.12,23953.12,22967
2026-04-10T08:00:00+00:00,23953.12,24124.600000000002,23863.11,24058.600000000002,51836
2026-04-10T12:00:00+00:00,24058.600000000002,24155.62,23832.100000000002,23840.100000000002,55009.99500628044
2026-04-10T16:00:00+00:00,23840.100000000002,23901.260000000002,23809.250000000004,23889.000000000004,19328
2026-04-13T00:00:00+00:00,23889.000000000004,23889.000000000004,23583.63,23600.870000000003,9504
2026-04-13T04:00:00+00:00,23600.870000000003,23690.74,23567.88,23680.72,21302
2026-04-13T08:00:00+00:00,23680.72,23714.230000000003,23582.22,23590.74,29974
2026-04-13T12:00:00+00:00,23590.74,23857.730000000003,23575.230000000003,23823.74,46062
2026-04-13T16:00:00+00:00,23823.74,24046.38,23808.870000000003,24042.120000000003,22245
2026-04-14T00:00:00+00:00,24042.120000000003,24042.120000000003,23968.120000000003,23976.370000000003,5174.579534414858
2026-04-14T04:00:00+00:00,23976.370000000003,24113.74,23959.870000000003,24094.230000000003,26764
2026-04-14T08:00:00+00:00,24094.230000000003,24151.72,24031.22,24105.22,38573
2026-04-14T12:00:00+00:00,24105.22,24192.22,24083.24,24158.730000000003,47674
2026-04-14T16:00:00+00:00,24158.730000000003,24180.870000000003,24121.870000000003,24151.620000000003,13772
2026-04-15T00:00:00+00:00,24151.620000000003,24155.7,24099.940000000002,24122.690000000002,7265.931303943294
2026-04-15T04:00:00+00:00,24122.690000000002,24188.550000000003,24071.210000000003,24139.06,23363.952334804504
2026-04-15T08:00:00+00:00,24139.06,24237.940000000002,24086.54,24160.04,40020
2026-04-15T12:00:00+00:00,24160.04,24213.06,24120.550000000003,24147.04,41612
2026-04-15T16:00:00+00:00,24147.04,24194.81,24108.7,24161.550000000003,15853.575117184397
2026-04-16T00:00:00+00:00,24161.550000000003,24239.000000000004,24161.550000000003,24209.480000000003,6244
2026-04-16T04:00:00+00:00,24209.480000000003,24272.49,24145.340000000004,24188.340000000004,20932
2026-04-16T08:00:00+00:00,24188.340000000004,24319.83,24141.340000000004,24316.840000000004,26161
2026-04-16T12:00:00+00:00,24316.840000000004,24344.350000000002,24174.840000000004,24249.33,47867
2026-04-16T16:00:00+00:00,24249.33,24257.000000000004,24135.480000000003,24186.24,21292
2026-04-17T00:00:00+00:00,24186.24,24258.910000000003,24186.24,24216.4,5210
2026-04-17T04:00:00+00:00,24216.4,24330.770000000004,24191.9,24319.250000000004,19075.160858435276
2026-04-17T08:00:00+00:00,24319.250000000004,24447.760000000002,24309.270000000004,24348.770000000004,35086
2026-04-17T12:00:00+00:00,24348.770000000004,24886.270000000004,24335.270000000004,24791.770000000004,117646.41354086927
2026-04-17T16:00:00+00:00,24791.770000000004,24806.920000000002,24659.65,24730.15,27063
2026-04-20T00:00:00+00:00,24730.15,24730.15,24480.250000000004,24501.260000000002,9771.051511758118
2026-04-20T04:00:00+00:00,24501.260000000002,24535.370000000003,24403.000000000004,24439.860000000004,40229
2026-04-20T08:00:00+00:00,24439.860000000004,24494.370000000003,24366.860000000004,24468.350000000002,54793
2026-04-20T12:00:00+00:00,24468.350000000002,24580.850000000002,24417.850000000002,24482.370000000003,88177
2026-04-20T16:00:00+00:00,24482.370000000003,24554.260000000002,24456.500000000004,24551.760000000002,19398
2026-04-21T00:00:00+00:00,24551.760000000002,24595.04,24546.280000000002,24575.550000000003,7508.896107311941
2026-04-21T04:00:00+00:00,24575.550000000003,24680.9,24572.300000000003,24635.88,23614.385077293788
2026-04-21T08:00:00+00:00,24635.88,24689.890000000003,24590.890000000003,24593.88,41235
2026-04-21T12:00:00+00:00,24593.88,24602.390000000003,24305.88,24332.4,87092
2026-04-21T16:00:00+00:00,24332.4,24382.54,24100.280000000002,24149.780000000002,55074
2026-04-22T00:00:00+00:00,24149.780000000002,24339.010000000002,24149.780000000002,24292.260000000002,9068.141593340768
2026-04-22T04:00:00+00:00,24292.260000000002,24470.850000000002,24271.24,24382.840000000004,30490
2026-04-22T08:00:00+00:00,24382.840000000004,24401.350000000002,24231.860000000004,24357.340000000004,64082
2026-04-22T12:00:00+00:00,24357.340000000004,24393.360000000004,24223.340000000004,24261.850000000002,83543.9632063075
2026-04-22T16:00:00+00:00,24261.850000000002,24308.99,24204.49,24286.750000000004,23713
2026-04-23T00:00:00+00:00,24286.750000000004,24286.750000000004,23938.22,23959.22,23701
2026-04-23T04:00:00+00:00,23959.22,24261.83,23946.22,24233.820000000003,36745
2026-04-23T08:00:00+00:00,24233.820000000003,24235.340000000004,24060.83,24202.840000000004,75332
2026-04-23T12:00:00+00:00,24202.840000000004,24327.840000000004,24094.340000000004,24289.320000000003,85245
2026-04-23T16:00:00+00:00,24289.320000000003,24320.480000000003,23905.230000000003,24158.72,68540
2026-04-24T00:00:00+00:00,24158.72,24260.4,24102.15,24136.160000000003,14046.472967360787
2026-04-24T04:00:00+00:00,24136.160000000003,24285.250000000004,24123.160000000003,24239.750000000004,29339
2026-04-24T08:00:00+00:00,24239.750000000004,24396.260000000002,24053.260000000002,24273.270000000004,77571
2026-04-24T12:00:00+00:00,24273.270000000004,24364.27,24145.270000000004,24268.280000000002,88343.29585820156
2026-04-24T16:00:00+00:00,24268.280000000002,24333.920000000002,24229.91,24331.68,20358
2026-04-27T00:00:00+00:00,24331.68,24334.98,24204.23,24287.23,17014.543270219274
2026-04-27T04:00:00+00:00,24287.23,24301,24203.23,24226.34,32977
2026-04-27T08:00:00+00:00,24226.34,24446.34,24198.23,24396.850000000002,44556
2026-04-27T12:00:00+00:00,24396.850000000002,24403.850000000002,24109.83,24205.84,88960
2026-04-27T16:00:00+00:00,24205.84,24228.98,24149.75,24155.23,15235
2026-04-28T00:00:00+00:00,24155.23,24225.11,24155.23,24201.63,10110
2026-04-28T04:00:00+00:00,24201.63,24231.11,24054.960000000003,24180.48,37786
2026-04-28T08:00:00+00:00,24180.48,24222.98,24012.960000000003,24031.460000000003,74730
2026-04-28T12:00:00+00:00,24031.460000000003,24138.48,23956.98,24089.47,115305
2026-04-28T16:00:00+00:00,24089.47,24113.13,24036.620000000003,24057.36,25234
2026-04-29T00:00:00+00:00,24057.36,24116.34,24047.58,24090.33,10717
2026-04-29T04:00:00+00:00,24090.33,24182.32,24046.170000000002,24056.68,33881
2026-04-29T08:00:00+00:00,24056.68,24088.170000000002,23969.690000000002,24064.190000000002,73079
2026-04-29T12:00:00+00:00,24064.190000000002,24100.170000000002,23911.58,23939.690000000002,73178.41738521907
2026-04-29T16:00:00+00:00,23939.690000000002,23965.34,23837.83,23886.59,43993
2026-04-30T00:00:00+00:00,23886.59,23989.33,23832.58,23834.58,17733
2026-04-30T04:00:00+00:00,23834.58,23943.7,23663.33,23923.2,54948
2026-04-30T08:00:00+00:00,23923.2,24194.190000000002,23914.18,24178.7,104290
2026-04-30T12:00:00+00:00,24178.7,24366.710000000003,24131.690000000002,24317.210000000003,112997.4697660468
2026-04-30T16:00:00+00:00,24317.210000000003,24382.340000000004,24303.340000000004,24335.090000000004,23816
2026-05-04T00:00:00+00:00,24335.090000000004,24408.850000000002,24332.600000000002,24390.610000000004,12027.13975464191
2026-05-04T04:00:00+00:00,24390.610000000004,24448.210000000003,24300.700000000004,24386.210000000003,29115
2026-05-04T08:00:00+00:00,24386.210000000003,24442.700000000004,24102.220000000005,24297.720000000005,89880
2026-05-04T12:00:00+00:00,24297.720000000005,24353.710000000003,23960.710000000003,23996.200000000004,99759
2026-05-04T16:00:00+00:00,23996.200000000004,24026.370000000003,23879.610000000004,23948.610000000004,45221
2026-05-05T00:00:00+00:00,23948.610000000004,23975.000000000004,23916.49,23966.480000000003,14592
2026-05-05T04:00:00+00:00,23966.480000000003,24249.350000000002,23952.99,24170.840000000004,49794
2026-05-05T08:00:00+00:00,24170.840000000004,24403.33,24160.83,24362.33,78726
2026-05-05T12:00:00+00:00,24362.33,24478.350000000002,24261.840000000004,24450.850000000002,87142
2026-05-05T16:00:00+00:00,24450.850000000002,24475.000000000004,24410.980000000003,24459.750000000004,19283
2026-05-06T00:00:00+00:00,24459.750000000004,24612.81,24459.750000000004,24563.33,19331
2026-05-06T04:00:00+00:00,24563.33,24809.670000000002,24560.820000000003,24801.660000000003,47701
2026-05-06T08:00:00+00:00,24801.660000000003,25194.160000000003,24792.660000000003,25062.680000000004,129196
2026-05-06T12:00:00+00:00,25062.680000000004,25067.660000000003,24869.160000000003,24948.160000000003,108009
2026-05-06T16:00:00+00:00,24948.160000000003,25015.320000000003,24921.81,24984.08,24202.492410218438
2026-05-07T00:00:00+00:00,24984.08,25029.06,24956.790000000005,24980.56,20833
2026-05-07T04:00:00+00:00,24980.56,25050.4,24937.050000000003,24981.890000000003,49403
2026-05-07T08:00:00+00:00,24981.890000000003,25009.910000000003,24872.9,24894.9,66979
2026-05-07T12:00:00+00:00,24894.9,24978.410000000003,24637.390000000003,24651.4,87077
2026-05-07T16:00:00+00:00,24651.4,24663.56,24437.040000000005,24451.790000000005,79512
2026-05-08T00:00:00+00:00,24451.790000000005,24507.15,24428.4,24475.65,16404.23846459825
2026-05-08T04:00:00+00:00,24475.65,24531.170000000002,24412.000000000004,24495.520000000004,45302
2026-05-08T08:00:00+00:00,24495.520000000004,24521.020000000004,24406.010000000002,24442.010000000002,68674
2026-05-08T12:00:00+00:00,24442.010000000002,24490.020000000004,24280.010000000002,24362.520000000004,78526.96120670783
2026-05-08T16:00:00+00:00,24362.520000000004,24425.15,24330.15,24409.920000000002,23623
2026-05-11T00:00:00+00:00,24409.920000000002,24409.920000000002,24235.49,24308.970000000005,22724
2026-05-11T04:00:00+00:00,24308.970000000005,24359.33,24261.480000000003,24306.340000000004,33096
2026-05-11T08:00:00+00:00,24306.340000000004,24376.83,24226.320000000003,24247.83,49223
2026-05-11T12:00:00+00:00,24247.83,24370.840000000004,24210.340000000004,24337.33,52186
2026-05-11T16:00:00+00:00,24337.33,24337.99,24250.480000000003,24299.24,17866
2026-05-12T00:00:00+00:00,24299.24,24299.24,24075.260000000002,24158.010000000002,23638
2026-05-12T04:00:00+00:00,24158.010000000002,24210.340000000004,24020.840000000004,24144.340000000004,39616
2026-05-12T08:00:00+00:00,24144.340000000004,24227.850000000002,24083.850000000002,24103.840000000004,58035
2026-05-12T12:00:00+00:00,24103.840000000004,24175.860000000004,23937.340000000004,23975.350000000002,69790
2026-05-12T16:00:00+00:00,23975.350000000002,24092.000000000004,23960.99,24073.24,27857
2026-05-13T00:00:00+00:00,24073.24,24108.680000000004,24018.430000000004,24100.170000000002,19165
2026-05-13T04:00:00+00:00,24100.170000000002,24219.020000000004,24087.670000000002,24153.530000000002,37157
2026-05-13T08:00:00+00:00,24153.530000000002,24237.030000000002,24085.030000000002,24189.510000000002,58174
2026-05-13T12:00:00+00:00,24189.510000000002,24203.010000000002,24014.510000000002,24126.510000000002,67744.73314492372
2026-05-13T16:00:00+00:00,24126.510000000002,24243.680000000004,24124.160000000003,24237.910000000003,22429
2026-05-14T00:00:00+00:00,24237.910000000003,24296.620000000003,24207.610000000004,24216.600000000002,16392
2026-05-14T04:00:00+00:00,24216.600000000002,24410.970000000005,24194.600000000002,24332.970000000005,38275
2026-05-14T08:00:00+00:00,24332.970000000005,24499.450000000004,24325.450000000004,24474.460000000003,59907
2026-05-14T12:00:00+00:00,24474.460000000003,24492.970000000005,24356.950000000004,24436.970000000005,56174
2026-05-14T16:00:00+00:00,24436.970000000005,24448.620000000003,24300.120000000003,24337.850000000002,27855
2026-05-15T00:00:00+00:00,24337.850000000002,24337.850000000002,24136.530000000002,24186.530000000002,32392
2026-05-15T04:00:00+00:00,24186.530000000002,24297.880000000005,24076.540000000005,24202.390000000003,51798
2026-05-15T08:00:00+00:00,24202.390000000003,24212.380000000005,24004.380000000005,24015.880000000005,96798
2026-05-15T12:00:00+00:00,24015.880000000005,24025.4,23861.4,23891.390000000003,92761.10228567598
2026-05-15T16:00:00+00:00,23891.390000000003,23958.06,23869.04,23903.79,32751
2026-05-18T00:00:00+00:00,23903.79,23903.79,23679.11,23717.87,50957
2026-05-18T04:00:00+00:00,23717.87,23903.22,23635.86,23877.72,62653
2026-05-18T08:00:00+00:00,23877.72,24248.23,23875.71,24138.71,66237
2026-05-18T12:00:00+00:00,24138.71,24440.73,24127.71,24321.22,126388
2026-05-18T16:00:00+00:00,24321.22,24404.36,24164.36,24399.11,59125
2026-05-19T00:00:00+00:00,24399.11,24399.11,24264.45,24279.710000000003,39714
2026-05-19T04:00:00+00:00,24279.710000000003,24668.63,24198.45,24641.610000000004,54535
2026-05-19T08:00:00+00:00,24641.610000000004,24699.620000000003,24528.63,24567.120000000003,80018
2026-05-19T12:00:00+00:00,24567.120000000003,24641.63,24361.610000000004,24387.63,116122
2026-05-19T16:00:00+00:00,24387.63,24420.280000000002,24302.780000000002,24329.510000000002,33110
2026-05-20T00:00:00+00:00,24329.510000000002,24338.440000000002,24156.700000000004,24238.440000000002,43800
2026-05-20T04:00:00+00:00,24238.440000000002,24416.790000000005,24224.680000000004,24313.780000000002,36165
2026-05-20T08:00:00+00:00,24313.780000000002,24596.280000000002,24281.780000000002,24507.800000000003,41112
2026-05-20T12:00:00+00:00,24507.800000000003,24899.800000000003,24441.780000000002,24719.280000000002,90020
2026-05-20T16:00:00+00:00,24719.280000000002,24795.940000000002,24677.680000000004,24782.200000000004,30371
2026-05-21T00:00:00+00:00,24782.200000000004,24812.290000000005,24698.520000000004,24729.790000000005,19082
2026-05-21T04:00:00+00:00,24729.790000000005,24783.280000000002,24600.520000000004,24717.640000000003,33610
2026-05-21T08:00:00+00:00,24717.640000000003,24898.63,24529.530000000002,24600.620000000003,81156
2026-05-21T12:00:00+00:00,24600.620000000003,24726.640000000003,24534.120000000003,24640.620000000003,85703
2026-05-21T16:00:00+00:00,24640.620000000003,24925.780000000002,24633.770000000004,24841.530000000002,51239
2026-05-22T00:00:00+00:00,24841.530000000002,24889.140000000003,24836.390000000003,24865.620000000003,14725.542256285094
2026-05-22T04:00:00+00:00,24865.620000000003,24925.620000000003,24711.97,24754.99,30744
2026-05-22T08:00:00+00:00,24754.99,24853.980000000003,24665.99,24806.980000000003,41894
2026-05-22T12:00:00+00:00,24806.980000000003,24955.980000000003,24803.480000000003,24860.95,57863.59009164367
2026-05-22T16:00:00+00:00,24860.95,24939.61,24786.350000000002,24801.86,26798
2026-05-25T00:00:00+00:00,24801.86,25178.63,24801.86,25150.15,11852.294146907643
2026-05-25T04:00:00+00:00,25150.15,25233.63,25060.500000000004,25183.000000000004,21633.412836551535
2026-05-25T08:00:00+00:00,25183.000000000004,25302.980000000003,25151.99,25276.500000000004,16957
2026-05-25T12:00:00+00:00,25276.500000000004,25455.000000000004,25265.49,25406.980000000003,19281
2026-05-25T16:00:00+00:00,25406.980000000003,25421.65,25381.640000000003,25405.390000000003,3100.7487688059277
2026-05-26T00:00:00+00:00,25405.390000000003,25405.390000000003,25289.58,25352.33,22714
2026-05-26T04:00:00+00:00,25352.33,25385.83,25249.180000000004,25279.7,30510
2026-05-26T08:00:00+00:00,25279.7,25308.2,25179.190000000002,25267.180000000004,34879
2026-05-26T12:00:00+00:00,25267.180000000004,25297.2,25169.680000000004,25203.690000000002,39702
2026-05-26T16:00:00+00:00,25203.690000000002,25255.340000000004,25180.340000000004,25246.08,14703
2026-05-27T00:00:00+00:00,25246.08,25273.9,25222.13,25226.140000000003,18238
2026-05-27T04:00:00+00:00,25226.140000000003,25372.74,25220.140000000003,25349.250000000004,27271
2026-05-27T08:00:00+00:00,25349.250000000004,25404.750000000004,25267.730000000003,25269.230000000003,30949
2026-05-27T12:00:00+00:00,25269.230000000003,25382.24,25109.140000000003,25170.730000000003,69445.80866124842
2026-05-27T16:00:00+00:00,25170.730000000003,25236.38,25142.890000000003,25216.15,14815
2026-05-28T00:00:00+00:00,25216.15,25216.15,24967.04,24971.81,28331
2026-05-28T04:00:00+00:00,24971.81,25171.660000000003,24916.04,25152.140000000003,34367
2026-05-28T08:00:00+00:00,25152.140000000003,25189.640000000003,25014.640000000003,25037.140000000003,36312
2026-05-28T12:00:00+00:00,25037.140000000003,25262.65,24979.640000000003,25096.140000000003,57703
2026-05-28T16:00:00+00:00,25096.140000000003,25166.81,25078.31,25095.56,13642
2026-05-29T00:00:00+00:00,25095.56,25161.000000000004,25062.260000000002,25145.500000000004,18548.356634636544
2026-05-29T04:00:00+00:00,25145.500000000004,25203.520000000004,25078.350000000002,25166.350000000002,23935
2026-05-29T08:00:00+00:00,25166.350000000002,25205.870000000003,25030.350000000002,25095.86,32769
2026-05-29T12:00:00+00:00,25095.86,25208.33,25038.870000000003,25111.350000000002,54458.26994392652
2026-05-29T16:00:00+00:00,25111.350000000002,25135.000000000004,25026.980000000003,25052.230000000003,16995
2026-06-01T00:00:00+00:00,25052.230000000003,25148.120000000003,25052.230000000003,25085.86,16105
2026-06-01T04:00:00+00:00,25085.86,25155.960000000003,25059.11,25134.97,27139
2026-06-01T08:00:00+00:00,25134.97,25253.45,25101.45,25238.97,36233
2026-06-01T12:00:00+00:00,25238.97,25305.47,24895.850000000002,24989.960000000003,95090
2026-06-01T16:00:00+00:00,24989.960000000003,25184.600000000002,24953.600000000002,25077.86,24123
2026-06-02T00:00:00+00:00,25077.86,25083.68,24975.420000000002,25076.43,34149
2026-06-02T04:00:00+00:00,25076.43,25329.02,25075.170000000002,25327.52,48314
2026-06-02T08:00:00+00:00,25327.52,25367.010000000002,25188.030000000002,25209.02,86176
2026-06-02T12:00:00+00:00,25209.02,25222.530000000002,25060.510000000002,25131.02,113061
2026-06-02T16:00:00+00:00,25131.02,25143.160000000003,25055.160000000003,25101.410000000003,30387
2026-06-03T00:00:00+00:00,25101.410000000003,25118.390000000003,25074.65,25111.9,16570
2026-06-03T04:00:00+00:00,25111.9,25124.4,24878.750000000004,24950.260000000002,49459.80124679135
2026-06-03T08:00:00+00:00,24950.260000000002,24966.760000000002,24830.74,24914.24,85982
2026-06-03T12:00:00+00:00,24914.24,24928.260000000002,24755.250000000004,24801.270000000004,97174.41910234815
2026-06-03T16:00:00+00:00,24801.270000000004,24806.430000000004,24721.160000000003,24727.680000000004,38808
2026-06-04T00:00:00+00:00,24727.680000000004,24785.06,24689.79,24748.79,20734.01055788842
2026-06-04T04:00:00+00:00,24748.79,24954.410000000003,24713.79,24943.390000000003,52536
2026-06-04T08:00:00+00:00,24943.390000000003,25005.390000000003,24843.390000000003,24953.410000000003,109106
2026-06-04T12:00:00+00:00,24953.410000000003,25011.890000000003,24869.390000000003,24923.890000000003,114166
2026-06-04T16:00:00+00:00,24923.890000000003,24973.06,24922.04,24944.29,22704
2026-06-05T00:00:00+00:00,24944.29,24944.29,24773.850000000002,24791.370000000003,17729.718579945307
2026-06-05T04:00:00+00:00,24791.370000000003,24957.960000000003,24791.350000000002,24923.47,66136.79627778943
2026-06-05T08:00:00+00:00,24923.47,25042.460000000003,24876.97,25006.460000000003,92847
2026-06-05T12:00:00+00:00,25006.460000000003,25019.460000000003,24754.45,24770.95,156616.06008240575
2026-06-05T16:00:00+00:00,24770.95,24770.95,24514.600000000002,24583.870000000003,100479
2026-06-08T00:00:00+00:00,24583.870000000003,24626.820000000003,24379.56,24559.820000000003,44320
2026-06-08T04:00:00+00:00,24559.820000000003,24607.170000000002,24346.320000000003,24542.180000000004,107698
2026-06-08T08:00:00+00:00,24542.180000000004,24755.670000000002,24498.160000000003,24674.180000000004,150052
2026-06-08T12:00:00+00:00,24674.180000000004,24718.680000000004,24618.660000000003,24627.160000000003,153168
2026-06-08T16:00:00+00:00,24627.160000000003,24643.83,24551.81,24597.070000000003,82668
2026-06-09T00:00:00+00:00,24597.070000000003,24633.820000000003,24498.070000000003,24603.090000000004,35829
2026-06-09T04:00:00+00:00,24603.090000000004,24699.180000000004,24547.680000000004,24682.680000000004,64610
2026-06-09T08:00:00+00:00,24682.680000000004,24835.690000000002,24665.190000000002,24743.680000000004,74174
2026-06-09T12:00:00+00:00,24743.680000000004,24828.190000000002,24406.190000000002,24434.180000000004,163368
2026-06-09T16:00:00+00:00,24434.180000000004,24563.83,24244.820000000003,24537.58,141908
2026-06-10T00:00:00+00:00,24537.58,24554.200000000004,24444.460000000003,24461.460000000003,45447
2026-06-10T04:00:00+00:00,24461.460000000003,24533.56,24399.440000000002,24463.550000000003,85582
2026-06-10T08:00:00+00:00,24463.550000000003,24472.050000000003,24050.050000000003,24236.550000000003,189747
2026-06-10T12:00:00+00:00,24236.550000000003,24375.06,24126.920000000006,24215.020000000008,241324
2026-06-10T16:00:00+00:00,24215.020000000008,24230.190000000006,24082.930000000008,24088.420000000006,167145
2026-06-11T00:00:00+00:00,24088.420000000006,24168.580000000005,23969.320000000007,24146.560000000005,36964
2026-06-11T04:00:00+00:00,24146.560000000005,24258.910000000007,24112.560000000005,24176.420000000006,88952
2026-06-11T08:00:00+00:00,24176.420000000006,24306.420000000006,24173.410000000007,24275.910000000007,95586
2026-06-11T12:00:00+00:00,24275.910000000007,24340.430000000008,24083.410000000007,24243.420000000006,258480
2026-06-11T16:00:00+00:00,24243.420000000006,24660.580000000005,24176.060000000005,24622.310000000005,181538
2026-06-12T00:00:00+00:00,24622.310000000005,24651.330000000005,24542.070000000007,24605.590000000007,18870.488245931283
2026-06-12T04:00:00+00:00,24605.590000000007,24765.590000000007,24503.670000000006,24662.670000000006,91806
2026-06-12T08:00:00+00:00,24662.670000000006,24770.180000000008,24563.180000000008,24589.190000000006,150121
2026-06-12T12:00:00+00:00,24589.190000000006,24681.200000000008,24424.170000000006,24574.19000000001,223696.10204618558
2026-06-12T16:00:00+00:00,24574.19000000001,24701.83000000001,24548.33000000001,24683.58000000001,91789
2026-06-15T00:00:00+00:00,24683.58000000001,25090.110000000008,24683.58000000001,25025.860000000008,13343.990002804141
2026-06-15T04:00:00+00:00,25025.860000000008,25106.210000000006,25004.35000000001,25040.200000000008,68684
2026-06-15T08:00:00+00:00,25040.200000000008,25066.200000000008,24912.19000000001,24978.710000000006,84493
2026-06-15T12:00:00+00:00,24978.710000000006,25028.200000000008,24896.69000000001,24938.710000000006,104267
2026-06-15T16:00:00+00:00,24938.710000000006,24940.860000000008,24848.860000000008,24873.610000000008,30590
2026-06-16T00:00:00+00:00,24873.610000000008,24898.660000000007,24845.17000000001,24873.15000000001,9126.642237120657
2026-06-16T04:00:00+00:00,24873.15000000001,25005.520000000008,24860.40000000001,24998.520000000008,50774.04940062533
2026-06-16T08:00:00+00:00,24998.520000000008,25120.520000000008,24985.51000000001,25018.020000000008,77618
2026-06-16T12:00:00+00:00,25018.020000000008,25063.520000000008,24812.000000000007,24839.01000000001,158919
2026-06-16T16:00:00+00:00,24839.01000000001,24859.160000000007,24765.90000000001,24767.90000000001,80219
2026-06-17T00:00:00+00:00,24767.90000000001,24836.660000000007,24767.90000000001,24823.17000000001,5918.123105913171
2026-06-17T04:00:00+00:00,24823.17000000001,24880.020000000008,24801.42000000001,24837.51000000001,64210.168006564694
2026-06-17T08:00:00+00:00,24837.51000000001,24961.520000000008,24764.40000000001,24865.01000000001,109287
2026-06-17T12:00:00+00:00,24865.01000000001,24982.520000000008,24823.01000000001,24961.500000000007,169336
2026-06-17T16:00:00+00:00,24961.500000000007,24981.67000000001,24784.910000000007,24813.90000000001,93355.33520871913
2026-06-18T00:00:00+00:00,24813.90000000001,24915.910000000007,24779.410000000007,24846.26000000001,7474.437459533245
2026-06-18T04:00:00+00:00,24846.26000000001,25040.020000000008,24805.26000000001,24962.51000000001,92124.69791732612
2026-06-18T08:00:00+00:00,24962.51000000001,24987.53000000001,24817.51000000001,24916.01000000001,159860
2026-06-18T12:00:00+00:00,24916.01000000001,25041.53000000001,24900.520000000008,25024.03000000001,218917
2026-06-18T16:00:00+00:00,25024.03000000001,25052.680000000008,24994.910000000007,25047.410000000007,22529
2026-06-19T00:00:00+00:00,25047.410000000007,25047.410000000007,24894.94000000001,24908.94000000001,8761.451668728432
2026-06-19T04:00:00+00:00,24908.94000000001,25137.06000000001,24857.94000000001,25130.550000000007,45063
2026-06-19T08:00:00+00:00,25130.550000000007,25148.56000000001,24979.540000000008,25011.56000000001,76302
2026-06-19T12:00:00+00:00,25011.56000000001,25066.56000000001,24912.94000000001,24984.540000000008,73748.34275470415
2026-06-19T16:00:00+00:00,24984.540000000008,25013.210000000006,24957.200000000008,24967.44000000001,8558.676914217893
2026-06-22T00:00:00+00:00,24967.44000000001,25006.210000000006,24915.44000000001,24933.710000000006,12003.390179665303
2026-06-22T04:00:00+00:00,24933.710000000006,25062.050000000007,24913.44000000001,24989.550000000007,47228
2026-06-22T08:00:00+00:00,24989.550000000007,24993.56000000001,24872.050000000007,24975.56000000001,74290
2026-06-22T12:00:00+00:00,24975.56000000001,25156.56000000001,24950.06000000001,25086.540000000008,96125
2026-06-22T16:00:00+00:00,25086.540000000008,25089.69000000001,25041.19000000001,25072.44000000001,35242
2026-06-23T00:00:00+00:00,25072.44000000001,25084.210000000006,24902.450000000008,24968.700000000008,22604
2026-06-23T04:00:00+00:00,24968.700000000008,24975.710000000006,24751.06000000001,24773.040000000008,60812
2026-06-23T08:00:00+00:00,24773.040000000008,24917.040000000008,24708.550000000007,24890.550000000007,78726
2026-06-23T12:00:00+00:00,24890.550000000007,24977.56000000001,24839.540000000008,24921.540000000008,89584
2026-06-23T16:00:00+00:00,24921.540000000008,24959.69000000001,24867.710000000006,24884.460000000006,45203
2026-06-24T00:00:00+00:00,24884.460000000006,24944.210000000006,24849.44000000001,24882.700000000008,25491.61609421001
2026-06-24T04:00:00+00:00,24882.700000000008,24934.700000000008,24656.050000000007,24688.040000000008,58488
2026-06-24T08:00:00+00:00,24688.040000000008,24730.06000000001,24594.040000000008,24655.56000000001,84464
2026-06-24T12:00:00+00:00,24655.56000000001,24748.550000000007,24579.540000000008,24723.040000000008,112445
2026-06-24T16:00:00+00:00,24723.040000000008,24744.210000000006,24620.77000000001,24673.03000000001,70541.28737018426
2026-06-25T00:00:00+00:00,24673.03000000001,24739.790000000008,24657.52000000001,24695.290000000008,30215
2026-06-25T04:00:00+00:00,24695.290000000008,24835.64000000001,24669.52000000001,24834.12000000001,40920
2026-06-25T08:00:00+00:00,24834.12000000001,24909.13000000001,24798.62000000001,24889.62000000001,44901
2026-06-25T12:00:00+00:00,24889.62000000001,25070.62000000001,24822.64000000001,25005.62000000001,134084
2026-06-25T16:00:00+00:00,25005.62000000001,25036.290000000008,24918.290000000008,24944.52000000001,73572
2026-06-26T00:00:00+00:00,24944.52000000001,24951.27000000001,24690.53000000001,24786.790000000008,36385
2026-06-26T04:00:00+00:00,24786.790000000008,24884.78000000001,24738.540000000008,24810.64000000001,57424
2026-06-26T08:00:00+00:00,24810.64000000001,24819.63000000001,24652.62000000001,24659.63000000001,83819
2026-06-26T12:00:00+00:00,24659.63000000001,24701.14000000001,24536.14000000001,24668.15000000001,121488.00796306494
2026-06-26T16:00:00+00:00,24668.15000000001,24670.81000000001,24593.29000000001,24627.04000000001,60458
2026-06-29T00:00:00+00:00,24627.04000000001,24777.29000000001,24627.04000000001,24768.31000000001,33739
2026-06-29T04:00:00+00:00,24768.31000000001,24799.29000000001,24681.14000000001,24740.64000000001,46861
2026-06-29T08:00:00+00:00,24740.64000000001,24756.16000000001,24628.15000000001,24684.65000000001,57813
2026-06-29T12:00:00+00:00,24684.65000000001,24715.16000000001,24551.16000000001,24634.64000000001,87030
2026-06-29T16:00:00+00:00,24634.64000000001,24744.29000000001,24630.81000000001,24740.54000000001,18360
2026-06-30T00:00:00+00:00,24740.54000000001,24773.81000000001,24676.30000000001,24758.04000000001,15484.456339913015
2026-06-30T04:00:00+00:00,24758.04000000001,24875.64000000001,24755.04000000001,24805.16000000001,26572
2026-06-30T08:00:00+00:00,24805.16000000001,25021.15000000001,24804.04000000001,24990.65000000001,40215
2026-06-30T12:00:00+00:00,24990.65000000001,25013.16000000001,24872.64000000001,24982.65000000001,63084
2026-06-30T16:00:00+00:00,24982.65000000001,25038.29000000001,24970.79000000001,25007.04000000001,13485
2026-07-01T00:00:00+00:00,25007.04000000001,25031.75000000001,24952.01000000001,24997.26000000001,10868.216194874256
2026-07-01T04:00:00+00:00,24997.26000000001,25058.62000000001,24959.10000000001,25057.10000000001,28491
2026-07-01T08:00:00+00:00,25057.10000000001,25099.11000000001,24987.10000000001,24994.12000000001,44967
2026-07-01T12:00:00+00:00,24994.12000000001,25086.62000000001,24885.10000000001,25059.12000000001,74939
2026-07-01T16:00:00+00:00,25059.12000000001,25090.77000000001,25035.26000000001,25048.610000000008,20752.13934763444
2026-07-02T00:00:00+00:00,25048.610000000008,25145.820000000007,24991.050000000007,25132.300000000007,14000.869667548002
2026-07-02T04:00:00+00:00,25132.300000000007,25143.300000000007,24947.050000000007,25105.670000000006,39396
2026-07-02T08:00:00+00:00,25105.670000000006,25309.170000000006,25090.650000000005,25300.660000000007,43046
2026-07-02T12:00:00+00:00,25300.660000000007,25662.170000000006,25292.160000000007,25555.150000000005,98514
2026-07-02T16:00:00+00:00,25555.150000000005,25631.300000000007,25479.300000000007,25619.050000000007,50381
2026-07-03T00:00:00+00:00,25619.050000000007,25719.080000000005,25604.060000000005,25717.070000000007,8481.78172174915
2026-07-03T04:00:00+00:00,25717.070000000007,25826.920000000006,25673.570000000007,25686.930000000008,28424
2026-07-03T08:00:00+00:00,25686.930000000008,25740.420000000006,25611.420000000006,25707.410000000007,35979
2026-07-03T12:00:00+00:00,25707.410000000007,25837.430000000004,25701.410000000007,25799.440000000006,26316.38042972128
2026-07-03T16:00:00+00:00,25799.440000000006,25826.080000000005,25791.580000000005,25823.570000000003,4660.957095724067
2026-07-06T00:00:00+00:00,25823.570000000003,25883.110000000004,25785.090000000004,25802.850000000006,10670.955275694536
2026-07-06T04:00:00+00:00,25802.850000000006,25913.190000000006,25760.700000000004,25895.210000000006,21401.168044077134
2026-07-06T08:00:00+00:00,25895.210000000006,25905.210000000006,25757.700000000004,25768.200000000004,35946
2026-07-06T12:00:00+00:00,25768.200000000004,25846.690000000006,25696.690000000006,25804.200000000004,50410
2026-07-06T16:00:00+00:00,25804.200000000004,25828.340000000004,25789.360000000004,25821.600000000006,16471
2026-07-07T00:00:00+00:00,25821.600000000006,25821.600000000006,25739.190000000006,25751.190000000006,12593
2026-07-07T04:00:00+00:00,25751.190000000006,25813.060000000005,25699.450000000004,25785.060000000005,31055
2026-07-07T08:00:00+00:00,25785.060000000005,25806.060000000005,25623.050000000007,25647.550000000007,37027
2026-07-07T12:00:00+00:00,25647.550000000007,25709.550000000007,25464.560000000005,25509.050000000007,61767
2026-07-07T16:00:00+00:00,25509.050000000007,25556.210000000006,25408.460000000006,25468.940000000006,28356
2026-07-08T00:00:00+00:00,25468.940000000006,25533.180000000004,25443.420000000006,25476.430000000004,15731.297083916974
2026-07-08T04:00:00+00:00,25476.430000000004,25483.180000000004,25152.020000000004,25198.030000000006,45225
2026-07-08T08:00:00+00:00,25198.030000000006,25206.020000000004,24825.030000000006,24991.530000000006,124822
2026-07-08T12:00:00+00:00,24991.530000000006,25083.040000000005,24846.530000000006,24891.540000000005,106518
2026-07-08T16:00:00+00:00,24891.540000000005,25019.750000000004,24886.680000000004,25012.510000000002,41457.715298052666
2026-07-09T00:00:00+00:00,25012.510000000002,25077.290000000005,24973.520000000004,25038.540000000005,20257
2026-07-09T04:00:00+00:00,25038.540000000005,25122.640000000003,24988.140000000003,25024.120000000003,43939
2026-07-09T08:00:00+00:00,25024.120000000003,25033.630000000005,24853.140000000003,24937.130000000005,59201
2026-07-09T12:00:00+00:00,24937.130000000005,25118.120000000003,24928.130000000005,25088.640000000003,61876
2026-07-09T16:00:00+00:00,25088.640000000003,25130.770000000004,25081.790000000005,25111.020000000004,15607
2026-07-10T00:00:00+00:00,25111.020000000004,25130.9,25059.130000000005,25098.890000000003,10784.385456120823
2026-07-10T04:00:00+00:00,25098.890000000003,25190.730000000003,25053.130000000005,25110.250000000004,29360
2026-07-10T08:00:00+00:00,25110.250000000004,25159.750000000004,25042.730000000003,25093.750000000004,41046
2026-07-10T12:00:00+00:00,25093.750000000004,25183.74,24914.750000000004,25067.240000000005,66078.98206777772
2026-07-10T16:00:00+00:00,25067.240000000005,25117.390000000003,25063.380000000005,25093.640000000003,13450
2026-07-13T00:00:00+00:00,25093.640000000003,25093.640000000003,24834.270000000004,24836.280000000006,18308
2026-07-13T04:00:00+00:00,24836.280000000006,25061.110000000004,24758.520000000004,25060.110000000004,35814
2026-07-13T08:00:00+00:00,25060.110000000004,25147.620000000006,25040.130000000005,25089.630000000005,35995
2026-07-13T12:00:00+00:00,25089.630000000005,25123.620000000006,24962.610000000004,25075.120000000006,73300
2026-07-13T16:00:00+00:00,25075.120000000006,25092.760000000006,24955.260000000006,25004.530000000006,40264
2026-07-14T00:00:00+00:00,25004.530000000006,25004.530000000006,24762.020000000004,24849.770000000004,25147.320206813514
2026-07-14T04:00:00+00:00,24849.770000000004,24998.770000000004,24826.000000000004,24962.600000000006,50131.2012208546
2026-07-14T08:00:00+00:00,24962.600000000006,25004.120000000006,24871.600000000006,24899.600000000006,75256
2026-07-14T12:00:00+00:00,24899.600000000006,25194.520000000004,24852.110000000004,25076.120000000006,106959
2026-07-14T16:00:00+00:00,25076.120000000006,25099.770000000004,25017.500000000004,25024.520000000004,25691
2026-07-15T00:00:00+00:00,25024.520000000004,25078.530000000006,25016.760000000006,25073.010000000006,7550.599311041995
2026-07-15T04:00:00+00:00,25073.010000000006,25123.010000000006,24813.260000000006,24900.880000000005,36069.1072200669
2026-07-15T08:00:00+00:00,24900.880000000005,25019.380000000005,24884.370000000006,24981.380000000005,51953
2026-07-15T12:00:00+00:00,24981.380000000005,25040.870000000006,24936.860000000004,24978.370000000006,72469
2026-07-15T16:00:00+00:00,24978.370000000006,25016.530000000006,24904.030000000006,24977.760000000002,26919.78973834484
2026-07-16T00:00:00+00:00,24977.760000000002,25011.820000000003,24886.570000000003,25011.300000000003,15380.146608315099
2026-07-16T04:00:00+00:00,25011.300000000003,25041.570000000003,24826.65,24852.160000000003,38674.1240981241
2026-07-16T08:00:00+00:00,24852.160000000003,24929.670000000002,24676.160000000003,24754.670000000002,62586
2026-07-16T12:00:00+00:00,24754.670000000002,24920.65,24681.15,24867.670000000002,67853
2026-07-16T16:00:00+00:00,24867.670000000002,24898.31,24807.81,24863.070000000003,33793
2026-07-17T00:00:00+00:00,24863.070000000003,24863.070000000003,24685.88,24685.9,10267.368727944628
2026-07-17T04:00:00+00:00,24685.9,24821.500000000004,24590.9,24796.480000000003,42303
2026-07-17T08:00:00+00:00,24796.480000000003,24834.000000000004,24633.480000000003,24780.99,69045
2026-07-17T12:00:00+00:00,24780.99,24863.480000000003,24677.480000000003,24861.000000000004,74951
2026-07-17T16:00:00+00:00,24861.000000000004,24864.63,24747.15,24812.890000000003,36779
2026-07-20T00:00:00+00:00,24812.890000000003,24828.390000000003,24730.640000000003,24785.650000000005,19575.28715312157
2026-07-20T04:00:00+00:00,24785.650000000005,24862.750000000004,24685.390000000003,24814.250000000004,48106
2026-07-20T08:00:00+00:00,24814.250000000004,24932.260000000006,24774.750000000004,24899.250000000004,58711
2026-07-20T12:00:00+00:00,24899.250000000004,24901.760000000006,24712.260000000006,24804.760000000006,78304
2026-07-20T16:00:00+00:00,24804.760000000006,24837.900000000005,24648.390000000003,24656.660000000003,38848
2026-07-21T00:00:00+00:00,24656.660000000003,24783.030000000002,24656.660000000003,24770.290000000005,12295
2026-07-21T04:00:00+00:00,24770.290000000005,24888.390000000003,24745.290000000005,24828.390000000003,34686.06926658905
2026-07-21T08:00:00+00:00,24828.390000000003,24943.870000000003,24789.880000000005,24850.890000000003,49714
2026-07-21T12:00:00+00:00,24850.890000000003,24993.880000000005,24765.890000000003,24985.880000000005,58972
2026-07-21T16:00:00+00:00,24985.880000000005,25028.020000000004,24984.520000000004,25022.290000000005,15667
2026-07-22T00:00:00+00:00,25022.290000000005,25054.410000000003,24992.160000000003,25003.170000000006,9642.375060825681
2026-07-22T04:00:00+00:00,25003.170000000006,25037.270000000004,24905.400000000005,25019.250000000004,37002.501277320465
2026-07-22T08:00:00+00:00,25019.250000000004,25223.770000000004,24998.770000000004,25010.270000000004,75288
2026-07-22T12:00:00+00:00,25010.270000000004,25165.750000000004,25001.260000000006,25153.250000000004,65808
2026-07-22T16:00:00+00:00,25153.250000000004,25157.910000000003,25085.410000000003,25102.160000000003,19766
2026-07-23T00:00:00+00:00,25102.160000000003,25166.220000000005,25069.970000000005,25106.720000000005,13107
2026-07-23T04:00:00+00:00,25106.720000000005,25113.720000000005,24847.580000000005,24932.070000000003,45695
2026-07-23T08:00:00+00:00,24932.070000000003,25022.070000000003,24878.070000000003,24944.090000000004,68192
2026-07-23T12:00:00+00:00,24944.090000000004,24948.090000000004,24638.090000000004,24728.570000000003,103735
2026-07-23T16:00:00+00:00,24728.570000000003,24782.230000000003,24661.740000000005,24690.480000000003,37121
2026-07-24T00:00:00+00:00,24690.480000000003,24732.150000000005,24642.640000000003,24656.910000000003,12984
2026-07-24T04:00:00+00:00,24656.910000000003,24895.990000000005,24644.890000000003,24836.510000000006,37070
2026-07-24T08:00:00+00:00,24836.510000000006,24954.500000000004,24806.500000000004,24915.490000000005,47911
2026-07-24T12:00:00+00:00,24915.490000000005,25085.010000000006,24853.500000000004,25060.010000000006,66663
2026-07-24T16:00:00+00:00,25060.010000000006,25077.150000000005,24973.640000000003,25026.390000000003,33001
2026-07-27T00:00:00+00:00,25026.390000000003,25257.600000000006,25026.390000000003,25218.350000000006,17864.52851010816
2026-07-27T04:00:00+00:00,25218.350000000006,25439.970000000005,25218.350000000006,25346.470000000005,35499.36273386789
2026-07-27T08:00:00+00:00,25346.470000000005,25503.460000000003,25324.460000000003,25485.450000000004,49668
2026-07-27T12:00:00+00:00,25485.450000000004,25523.950000000004,25324.460000000003,25357.450000000004,77703
2026-07-27T16:00:00+00:00,25357.450000000004,25444.610000000004,25338.600000000006,25438.350000000006,43390
2026-07-28T00:00:00+00:00,25438.350000000006,25460.810000000005,25337.040000000005,25449.310000000005,18150
2026-07-28T04:00:00+00:00,25449.310000000005,25518.660000000003,25353.040000000005,25436.150000000005,44248
2026-07-28T08:00:00+00:00,25436.150000000005,25500.160000000003,25313.640000000003,25363.660000000003,61991
2026-07-28T12:00:00+00:00,25363.660000000003,25473.660000000003,25266.640000000003,25464.640000000003,77140
2026-07-28T16:00:00+00:00,25464.640000000003,25510.310000000005,25445.290000000005,25470.550000000003,27873
2026-07-29T00:00:00+00:00,25470.550000000003,25472.040000000005,25253.270000000004,25265.280000000002,25997
2026-07-29T04:00:00+00:00,25265.280000000002,25524.390000000003,25232.270000000004,25445.370000000003,53365
2026-07-29T08:00:00+00:00,25445.370000000003,25512.380000000005,25299.390000000003,25509.370000000006,80836
2026-07-29T12:00:00+00:00,25509.370000000006,25529.870000000006,25374.860000000004,25390.380000000005,101990
2026-07-29T16:00:00+00:00,25390.380000000005,25544.030000000006,25314.270000000004,25334.260000000006,87294
2026-07-30T00:00:00+00:00,25334.260000000006,25498.500000000007,25334.260000000006,25379.770000000004,18290.570535873427
2026-07-30T04:00:00+00:00,25379.770000000004,25381.750000000007,25248.850000000006,25332.370000000006,60867
2026-07-30T08:00:00+00:00,25332.370000000006,25513.360000000004,25309.350000000006,25489.840000000004,78764
2026-07-30T12:00:00+00:00,25489.840000000004,25610.840000000004,25442.840000000004,25579.840000000004,87868
2026-07-30T16:00:00+00:00,25579.840000000004,25671.510000000002,25570.500000000004,25647.760000000002,28895
2026-07-31T00:00:00+00:00,25647.760000000002,25685.100000000002,25607.340000000004,25643.080000000005,8586
2026-07-31T04:00:00+00:00,25643.080000000005,25849.940000000002,25628.090000000004,25832.440000000002,40663
2026-07-31T08:00:00+00:00,25832.440000000002,25846.440000000002,25629.450000000004,25672.440000000002,61561
2026-07-31T12:00:00+00:00,25672.440000000002,25676.440000000002,25504.940000000002,25626.450000000004,77337
2026-07-31T16:00:00+00:00,25626.450000000004,25688.600000000002,25600.100000000002,25652.350000000002,28269
2026-08-03T00:00:00+00:00,25652.350000000002,25891.690000000002,25652.350000000002,25864.440000000002,8868.140392891022
2026-08-03T04:00:00+00:00,25864.440000000002,25969.050000000003,25817.540000000005,25949.540000000005,37237.1867525299
2026-08-03T08:00:00+00:00,25949.540000000005,26012.560000000005,25923.560000000005,25991.560000000005,51467
2026-08-03T12:00:00+00:00,25991.560000000005,26079.050000000003,25913.540000000005,26004.040000000005,52733
2026-08-03T16:00:00+00:00,26004.040000000005,26063.690000000002,25986.690000000002,26057.940000000002,18464
2026-08-04T00:00:00+00:00,26057.940000000002,26128.400000000005,26044.130000000005,26084.130000000005,9071.325332207747
2026-08-04T04:00:00+00:00,26084.130000000005,26250.730000000003,26072.130000000005,26245.750000000004,27997.25730707148
2026-08-04T08:00:00+00:00,26245.750000000004,26245.750000000004,26060.730000000003,26204.240000000005,52469
2026-08-04T12:00:00+00:00,26204.240000000005,26240.230000000003,26117.230000000003,26213.230000000003,53315
2026-08-04T16:00:00+00:00,26213.230000000003,26333.400000000005,26207.380000000005,26325.150000000005,19498
2026-08-05T00:00:00+00:00,26325.150000000005,26413.010000000002,26317.270000000004,26398.260000000002,6046.411022529202
2026-08-05T04:00:00+00:00,26398.260000000002,26420.880000000005,26275.360000000004,26279.860000000004,28848.96180921429
2026-08-05T08:00:00+00:00,26279.860000000004,26280.370000000003,26156.370000000003,26238.360000000004,39000
2026-08-05T12:00:00+00:00,26238.360000000004,26262.380000000005,26107.380000000005,26113.380000000005,50386
2026-08-05T16:00:00+00:00,26113.380000000005,26182.530000000002,26111.010000000002,26169.770000000004,23527
2026-08-06T00:00:00+00:00,26169.770000000004,26223.730000000003,26139.230000000003,26223.730000000003,9169.389326919354
2026-08-06T04:00:00+00:00,26223.730000000003,26227.740000000005,26078.590000000004,26101.570000000003,32760.87855741157
2026-08-06T08:00:00+00:00,26101.570000000003,26198.590000000004,26066.570000000003,26163.090000000004,42112
2026-08-06T12:00:00+00:00,26163.090000000004,26211.580000000005,26086.570000000003,26151.080000000005,51952
2026-08-06T16:00:00+00:00,26151.080000000005,26173.730000000003,26123.740000000005,26152.970000000005,25628
2026-08-07T00:00:00+00:00,26152.970000000005,26152.970000000005,26110.660000000003,26144.430000000004,11165.504030229755
2026-08-07T04:00:00+00:00,26144.430000000004,26275.270000000004,26130.660000000003,26243.770000000004,28264
2026-08-07T08:00:00+00:00,26243.770000000004,26365.260000000002,26224.780000000002,26330.270000000004,34673
2026-08-07T12:00:00+00:00,26330.270000000004,26423.770000000004,26281.770000000004,26297.780000000002,50036
2026-08-07T16:00:00+00:00,26297.780000000002,26349.430000000004,26260.410000000003,26346.660000000003,21105
2026-08-10T00:00:00+00:00,26346.660000000003,26346.660000000003,26261.610000000004,26325.360000000004,6556.138750925954
2026-08-10T04:00:00+00:00,26325.360000000004,26361.720000000005,26297.710000000003,26353.730000000003,21234.386007476696
2026-08-10T08:00:00+00:00,26353.730000000003,26423.730000000003,26309.710000000003,26384.220000000005,25207
2026-08-10T12:00:00+00:00,26384.220000000005,26387.230000000003,26283.210000000003,26317.220000000005,35238
2026-08-10T16:00:00+00:00,26317.220000000005,26326.380000000005,26280.110000000004,26325.620000000003,11223
2026-08-11T00:00:00+00:00,26325.620000000003,26355.780000000002,26308.030000000002,26336.270000000004,7543.023577492018
2026-08-11T04:00:00+00:00,26336.270000000004,26369.120000000003,26240.110000000004,26260.620000000003,21594.721037488795
2026-08-11T08:00:00+00:00,26260.620000000003,26363.120000000003,26229.120000000003,26355.120000000003,38236
2026-08-11T12:00:00+00:00,26355.120000000003,26491.120000000003,26345.630000000005,26380.620000000003,37092
2026-08-11T16:00:00+00:00,26380.620000000003,26406.780000000002,26323.780000000002,26369.520000000004,12517
2026-08-12T00:00:00+00:00,26369.520000000004,26369.520000000004,26348.460000000003,26357.710000000003,4879.645778087803
2026-08-12T04:00:00+00:00,26357.710000000003,26450.580000000005,26356.480000000003,26401.570000000003,18614.325095057036
2026-08-12T08:00:00+00:00,26401.570000000003,26528.560000000005,26393.070000000003,26472.070000000003,30167
2026-08-12T12:00:00+00:00,26472.070000000003,26565.570000000003,26300.090000000004,26325.090000000004,51226.67118303852
2026-08-12T16:00:00+00:00,26325.090000000004,26363.980000000003,26308.74,26363.480000000003,8824
2026-08-13T00:00:00+00:00,26363.480000000003,26408.57,26345.710000000003,26405.58,5669.66497178353
2026-08-13T04:00:00+00:00,26405.58,26484.420000000002,26382.57,26411.920000000002,19801
2026-08-13T08:00:00+00:00,26411.920000000002,26472.41,26400.920000000002,26419.93,24971
2026-08-13T12:00:00+00:00,26419.93,26437.420000000002,26265.91,26301.93,35574
2026-08-13T16:00:00+00:00,26301.93,26396.57,26301.93,26394.32,10218
2026-08-14T00:00:00+00:00,26394.32,26420.55,26371.030000000002,26397.3,6105.286744844636
2026-08-14T04:00:00+00:00,26397.3,26479.88,26376.530000000002,26465.9,20995.00495879103
2026-08-14T08:00:00+00:00,26465.9,26521.9,26386.88,26519.88,30206
2026-08-14T12:00:00+00:00,26519.88,26522.89,26395.88,26433.39,34321
2026-08-14T16:00:00+00:00,26433.39,26452.04,26422.530000000002,26441.780000000002,8180
2026-08-17T00:00:00+00:00,26441.780000000002,26497.04,26441.780000000002,26491.04,3859.51021188743
2026-08-17T04:00:00+00:00,26491.04,26503.02,26406.37,26455.87,18294.65239613527
2026-08-17T08:00:00+00:00,26455.87,26483.87,26375.88,26438.39,26514
2026-08-17T12:00:00+00:00,26438.39,26440.89,26311.89,26326.39,35891
2026-08-17T16:00:00+00:00,26326.39,26345.02,26274.54,26300.780000000002,12790
2026-08-18T00:00:00+00:00,26300.780000000002,26300.780000000002,26209.190000000002,26227.2,10543.153759635394
2026-08-18T04:00:00+00:00,26227.2,26294.3,26154.29,26162.79,27462.93027378834
2026-08-18T08:00:00+00:00,26162.79,26259.81,26135.29,26242.8,36623
2026-08-18T12:00:00+00:00,26242.8,26258.81,26104.79,26150.81,40137
2026-08-18T16:00:00+00:00,26150.81,26178.95,26129.940000000002,26139.2,11457
2026-08-19T00:00:00+00:00,26139.2,26139.2,26089.190000000002,26095.46,16490
2026-08-19T04:00:00+00:00,26095.46,26186.45,26073.95,26117.8,31418
2026-08-19T08:00:00+00:00,26117.8,26133.79,26056.8,26074.81,32524
2026-08-19T12:00:00+00:00,26074.81,26173.81,26050.29,26094.8,51705
2026-08-19T16:00:00+00:00,26094.8,26115.46,26040.440000000002,26068.7,17152
2026-08-20T00:00:00+00:00,26068.7,26084.61,26038.12,26056.100000000002,13969
2026-08-20T04:00:00+00:00,26056.100000000002,26119.12,25950.45,25952.95,25336.773783321107
2026-08-20T08:00:00+00:00,25952.95,25990.45,25905.96,25935.47,35244
2026-08-20T12:00:00+00:00,25935.47,26017.45,25886.87,25976.45,44492
2026-08-20T16:00:00+00:00,25976.45,25999.600000000002,25932.100000000002,25945.86,15291
2026-08-21T00:00:00+00:00,25945.86,25993.22,25945.86,25979.71,7106.779747772566
2026-08-21T04:00:00+00:00,25979.71,26049.57,25949.55,26029.06,17546.948237600496
2026-08-21T08:00:00+00:00,26029.06,26071.06,25988.56,26032.07,29766
2026-08-21T12:00:00+00:00,26032.07,26146.05,26028.05,26112.07,24955
2026-08-21T16:00:00+00:00,26112.07,26112.7,26071.7,26098.97,11195
2026-08-24T00:00:00+00:00,26098.97,26122.690000000002,26070.690000000002,26079.190000000002,15633
2026-08-24T04:00:00+00:00,26079.190000000002,26100.690000000002,26017.530000000002,26028.04,25239
2026-08-24T08:00:00+00:00,26028.04,26156.530000000002,26019.530000000002,26115.030000000002,30412
2026-08-24T12:00:00+00:00,26115.030000000002,26123.52,26023.52,26104.530000000002,36791
2026-08-24T16:00:00+00:00,26104.530000000002,26126.170000000002,26080.690000000002,26098.440000000002,17276
2026-08-25T00:00:00+00:00,26098.440000000002,26139.75,26098.440000000002,26134.25,13379
2026-08-25T04:00:00+00:00,26134.25,26229.09,26129.48,26173.08,23737
2026-08-25T08:00:00+00:00,26173.08,26329.100000000002,26145.58,26299.08,37570
2026-08-25T12:00:00+00:00,26299.08,26314.600000000002,26238.08,26257.09,37445
2026-08-25T16:00:00+00:00,26257.09,26267.72,26220.74,26262.480000000003,9744
2026-08-26T00:00:00+00:00,26262.480000000003,26305.22,26211.660000000003,26298.71,10898
2026-08-26T04:00:00+00:00,26298.71,26303.22,26203.57,26274.56,26024
2026-08-26T08:00:00+00:00,26274.56,26353.06,26236.55,26353.05,27792
2026-08-26T12:00:00+00:00,26353.05,26474.05,26283.55,26285.05,37605
2026-08-26T16:00:00+00:00,26285.05,26300.24,26238.22,26290.49,12257
2026-08-27T00:00:00+00:00,26290.49,26365.32,26290.49,26349.32,12722
2026-08-27T04:00:00+00:00,26349.32,26392.33,26289.66,26326.68,25146
2026-08-27T08:00:00+00:00,26326.68,26399.68,26304.66,26398.67,37741
2026-08-27T12:00:00+00:00,26398.67,26402.67,26238.66,26379.19,43836
2026-08-27T16:00:00+00:00,26379.19,26400.58,26340.83,26398.600000000002,13014
2026-08-28T00:00:00+00:00,26398.600000000002,26482.07,26398.600000000002,26469.82,9162
2026-08-28T04:00:00+00:00,26469.82,26553.91,26430.08,26503.42,24785
2026-08-28T08:00:00+00:00,26503.42,26556.42,26484.42,26501.41,30296
2026-08-28T12:00:00+00:00,26501.41,26625.43,26485.92,26546.42,46359
2026-08-28T16:00:00+00:00,26546.42,26564.07,26515.57,26559.32,30086
2026-08-31T00:00:00+00:00,26559.32,26559.32,26453.52,26483.27,22282
2026-08-31T04:00:00+00:00,26483.27,26550.79,26375.12,26391.63,21333
2026-08-31T08:00:00+00:00,26391.63,26429.62,26338.12,26401.13,23879
2026-08-31T12:00:00+00:00,26401.13,26423.14,26236.12,26240.14,36917
2026-08-31T16:00:00+00:00,26240.14,26245.77,26181.77,26203.54,12494
2026-09-01T00:00:00+00:00,26203.54,26250.87,26203.54,26223.63,9253
2026-09-01T04:00:00+00:00,26223.63,26238.89,26120.23,26183.22,28520
2026-09-01T08:00:00+00:00,26183.22,26198.73,25926.22,26005.24,57223
2026-09-01T12:00:00+00:00,26005.24,26050.24,25922.22,25980.23,50174
2026-09-01T16:00:00+00:00,25980.23,25984.39,25807.37,25826.12,26869
2026-09-02T00:00:00+00:00,25826.12,25844.78,25800.27,25804.52,17735
2026-09-02T04:00:00+00:00,25804.52,25930.13,25798.77,25861.12,33842
2026-09-02T08:00:00+00:00,25861.12,25893.13,25730.12,25871.11,49451
2026-09-02T12:00:00+00:00,25871.11,25908.12,25814.12,25829.11,42869
2026-09-02T16:00:00+00:00,25829.11,25872.77,25819.77,25858.03,16182
2026-09-03T00:00:00+00:00,25858.53,25885.97,25834.49,25863.99,11616
2026-09-03T04:00:00+00:00,25863.99,25905.99,25802.97,25842.84,32971
2026-09-03T08:00:00+00:00,25842.84,25936.83,25784.34,25839.82,43278
2026-09-03T12:00:00+00:00,25839.82,26019.83,25827.83,26008.84,45052
2026-09-03T16:00:00+00:00,26008.84,26045.49,25992.49,26042.72,11697
2026-09-04T00:00:00+00:00,26042.72,26055.26,26015.24,26040.74,8679
2026-09-04T04:00:00+00:00,26040.74,26086.1,25956.59,26051.1,23709
2026-09-04T08:00:00+00:00,26051.1,26115.11,25976.09,26105.1,30166
2026-09-04T12:00:00+00:00,26105.1,26164.11,26012.09,26069.11,47751
2026-09-04T16:00:00+00:00,26069.11,26092.75,26030.24,26061.49,12985
2026-09-07T00:00:00+00:00,26061.49,26061.49,26012.53,26020.51,8513
2026-09-07T04:00:00+00:00,26020.51,26073.37,25930.36,25991.86,25601
2026-09-07T08:00:00+00:00,25991.86,26007.37,25930.36,25933.88,35078
2026-09-07T12:00:00+00:00,25933.88,26024.88,25923.86,26000.86,29918
2026-09-07T16:00:00+00:00,26000.86,26012.53,25996.26,25997.78,3006
2026-09-08T00:00:00+00:00,25997.78,26045.74,25996.98,26026.24,9413
2026-09-08T04:00:00+00:00,26026.24,26027.74,25847.08,25867.58,36666
2026-09-08T08:00:00+00:00,25867.58,25994.59,25798.58,25990.59,53083
2026-09-08T12:00:00+00:00,25990.59,26032.6,25906.58,25979.59,48403
2026-09-08T16:00:00+00:00,25979.59,25984.25,25861.74,25876,25009
2026-09-09T00:00:00+00:00,25876,25886.76,25850.27,25853.52,6997
2026-09-09T04:00:00+00:00,25853.52,25909.11,25788.61,25860.6,29124
2026-09-09T08:00:00+00:00,25860.6,25879.12,25572.6,25574.62,59484
2026-09-09T12:00:00+00:00,25574.62,25675.12,25512.61,25549.11,71556
2026-09-09T16:00:00+00:00,25549.11,25566.27,25519.27,25524.51,20084
2026-09-10T00:00:00+00:00,25524.51,25590.55,25524.51,25586.05,10749
2026-09-10T04:00:00+00:00,25586.05,25620.04,25540.88,25569.39,30662
2026-09-10T08:00:00+00:00,25569.39,25602.39,25496.88,25530.88,54544
2026-09-10T12:00:00+00:00,25530.88,25553.39,25334.89,25336.89,86125
2026-09-10T16:00:00+00:00,25336.89,25371.04,25298.53,25331.79,31588
2026-09-11T00:00:00+00:00,25331.79,25382.66,25307.65,25331.14,13945
2026-09-11T04:00:00+00:00,25331.14,25496.01,25322.64,25424.5,39210
2026-09-11T08:00:00+00:00,25424.5,25557,25394.99,25512,45543
2026-09-11T12:00:00+00:00,25512,25587.5,25455.41,25547.01,65899
2026-09-11T16:00:00+00:00,25547.01,25582.66,25533.64,25553.89,18680
2026-09-14T00:00:00+00:00,25553.89,25553.89,25481.21,25498.95,14414
2026-09-14T04:00:00+00:00,25498.95,25549.31,25392.31,25441.32,43110
2026-09-14T08:00:00+00:00,25441.32,25503.32,25340.82,25435.81,72033
2026-09-14T12:00:00+00:00,25435.81,25513.82,25328.82,25502.82,82414
2026-09-14T16:00:00+00:00,25502.82,25582.46,25493.96,25509.2,28787
2026-09-15T00:00:00+00:00,25509.2,25529.1,25451.1,25453.59,12249
2026-09-15T04:00:00+00:00,25453.59,25470.61,25193.94,25237.44,54336
2026-09-15T08:00:00+00:00,25237.44,25457.45,25170.44,25449.44,76522
2026-09-15T12:00:00+00:00,25449.44,25483.95,25357.94,25426.45,81395
2026-09-15T16:00:00+00:00,25426.45,25465.6,25409.09,25430.84,22650
2026-09-16T00:00:00+00:00,25430.84,25497.84,25424.57,25484.82,13279
2026-09-16T04:00:00+00:00,25484.82,25529.17,25435.18,25443.68,37665
2026-09-16T08:00:00+00:00,25443.68,25512.19,25362.17,25506.67,52856
2026-09-16T12:00:00+00:00,25506.67,25604.18,25457.17,25554.19,50497
2026-09-16T16:00:00+00:00,25554.19,25608.34,25399.84,25514.07,58626
2026-09-17T00:00:00+00:00,25514.07,25706.54,25514.07,25699.53,10716
2026-09-17T04:00:00+00:00,25699.53,25750.39,25624.03,25644.89,51999
2026-09-17T08:00:00+00:00,25644.89,25730.4,25592.38,25729.4,71884
2026-09-17T12:00:00+00:00,25729.4,25802.89,25698.89,25722.38,79342
2026-09-17T16:00:00+00:00,25722.38,25728.04,25623.29,25634.29,13038
2026-09-18T00:00:00+00:00,25634.29,25642.21,25584.22,25640.71,10494
2026-09-18T04:00:00+00:00,25640.71,25705.73,25595.58,25643.07,32460
2026-09-18T08:00:00+00:00,25643.07,25648.06,25467.57,25473.08,59025
2026-09-18T12:00:00+00:00,25473.08,25483.58,25295.06,25301.06,60833
2026-09-18T16:00:00+00:00,25301.06,25332.71,25279.71,25317.47,15033
2026-09-21T00:00:00+00:00,25317.47,25434.51,25317.47,25429.5,8878
2026-09-21T04:00:00+00:00,25429.5,25537.86,25429.5,25508.35,27664
2026-09-21T08:00:00+00:00,25508.35,25641.34,25506.34,25620.36,34647
2026-09-21T12:00:00+00:00,25620.36,25645.34,25546.86,25610.86,45834
2026-09-21T16:00:00+00:00,25610.86,25685.51,25605.99,25657.26,14087
2026-09-22T00:00:00+00:00,25657.26,25669.18,25639.69,25644.18,14164
2026-09-22T04:00:00+00:00,25644.18,25655.55,25484.54,25496.55,37323
2026-09-22T08:00:00+00:00,25496.55,25780.55,25443.54,25702.54,88991
2026-09-22T12:00:00+00:00,25702.54,25811.54,25577.03,25608.53,64981
2026-09-22T16:00:00+00:00,25608.53,25752.69,25597.19,25711.45,22855
2026-09-23T00:00:00+00:00,25711.45,25717.61,25672.62,25710.11,13754
2026-09-23T04:00:00+00:00,25710.11,25777.6,25584.46,25631.97,35170
2026-09-23T08:00:00+00:00,25631.97,25634.97,25386.95,25443.97,55526
2026-09-23T12:00:00+00:00,25443.97,25503.96,25395.95,25424.96,82943
2026-09-23T16:00:00+00:00,25424.96,25425.12,25297.1,25386.35,33027
2026-09-24T00:00:00+00:00,25386.35,25386.35,25323.59,25353.1,24346
2026-09-24T04:00:00+00:00,25353.1,25419.95,25280.45,25330.95,51012
2026-09-24T08:00:00+00:00,25330.95,25407.43,25183.45,25387.44,100523
2026-09-24T12:00:00+00:00,25387.44,25448.43,25264.43,25302.95,70149
2026-09-24T16:00:00+00:00,25302.95,25481.1,25286.09,25410.83,63380
2026-09-25T00:00:00+00:00,25410.83,25440.25,25364.99,25426.75,16452
2026-09-25T04:00:00+00:00,25426.75,25506.25,25406.24,25429.58,40487
2026-09-25T08:00:00+00:00,25429.58,25554.58,25402.6,25466.59,61264
2026-09-25T12:00:00+00:00,25466.59,25510.58,25369.58,25491.59,74549
2026-09-25T16:00:00+00:00,25491.59,25597.25,25486.23,25574.48,35541
